<?xml version="1.0" encoding="utf-8" standalone="yes"?><rss version="2.0" xmlns:atom="http://www.w3.org/2005/Atom"><channel><title>What is the BabyLogger on BabyLogger</title><link>/docs/100.-what-is-the-baby-logger/</link><description>Recent content in What is the BabyLogger on BabyLogger</description><generator>Hugo -- gohugo.io</generator><language>en-us</language><atom:link href="/docs/100.-what-is-the-baby-logger/index.xml" rel="self" type="application/rss+xml"/><item><title>Brief Overview of the BabyLogger</title><link>/docs/100.-what-is-the-baby-logger/110.-brief-overview-of-the-babylogger/</link><pubDate>Mon, 01 Jan 0001 00:00:00 +0000</pubDate><guid>/docs/100.-what-is-the-baby-logger/110.-brief-overview-of-the-babylogger/</guid><description>&lt;p>The BabyLogger is a device used by researchers to record the child’s interactions in a secure way and to extract the audio and actimetric information.&lt;/p></description></item><item><title>How to use the BabyLogger</title><link>/docs/100.-what-is-the-baby-logger/120.-how-to-use-the-babylogger/</link><pubDate>Mon, 01 Jan 0001 00:00:00 +0000</pubDate><guid>/docs/100.-what-is-the-baby-logger/120.-how-to-use-the-babylogger/</guid><description>&lt;p>Differents steps to explain how to uses the BabyLogger.&lt;/p></description></item></channel></rss>