<?xml version="1.0" encoding="utf-8" standalone="yes"?><rss version="2.0" xmlns:atom="http://www.w3.org/2005/Atom"><channel><title>BabyLogger</title><link>/docs/</link><description>Recent content on BabyLogger</description><generator>Hugo -- gohugo.io</generator><language>en-us</language><atom:link href="/docs/index.xml" rel="self" type="application/rss+xml"/><item><title>FAQs</title><link>/docs/400.-frequently-asked-questions/</link><pubDate>Mon, 01 Jan 0001 00:00:00 +0000</pubDate><guid>/docs/400.-frequently-asked-questions/</guid><description>Problems in launching the software If you use MacOS, the first time when you double-click on BabyLogger, a window like the following may appear:
To resolve this problem, you have 2 options:</description></item><item><title>Contact</title><link>/docs/500.-contact/</link><pubDate>Mon, 01 Jan 0001 00:00:00 +0000</pubDate><guid>/docs/500.-contact/</guid><description>Phone : +33 6 52 20 64 18
Address : 2 Rue Simone Iff 75012 Paris, France
Technical Support or Questions
If you have questions or need help integrating the product please contact us.</description></item></channel></rss>