<?xml version="1.0" encoding="utf-8" standalone="yes"?><rss version="2.0" xmlns:atom="http://www.w3.org/2005/Atom"><channel><title>Automatic Data Processing on BabyLogger</title><link>/docs/300.-automatic-data-processing/</link><description>Recent content in Automatic Data Processing on BabyLogger</description><generator>Hugo -- gohugo.io</generator><language>en-us</language><atom:link href="/docs/300.-automatic-data-processing/index.xml" rel="self" type="application/rss+xml"/><item><title>Post Process</title><link>/docs/300.-automatic-data-processing/310.-post-process/</link><pubDate>Mon, 01 Jan 0001 00:00:00 +0000</pubDate><guid>/docs/300.-automatic-data-processing/310.-post-process/</guid><description> Cleanup &amp;amp; diagnostic. Logger diagnostic. Sox (From wave to Flac). Files Encryption. Network diag to send files.</description></item><item><title>Send to Cloud</title><link>/docs/300.-automatic-data-processing/320.-send-to-cloud/</link><pubDate>Mon, 01 Jan 0001 00:00:00 +0000</pubDate><guid>/docs/300.-automatic-data-processing/320.-send-to-cloud/</guid><description>&lt;p>Send files Data to the Cloud, in order to treat them.&lt;/p></description></item><item><title>Algorithms</title><link>/docs/300.-automatic-data-processing/330.-algorithms/</link><pubDate>Mon, 01 Jan 0001 00:00:00 +0000</pubDate><guid>/docs/300.-automatic-data-processing/330.-algorithms/</guid><description>&lt;p>Store and treat the data on a cloud &amp;ldquo;Machine Learning Algorithmes&amp;rdquo;
(DiViMe’s tools)&lt;/p></description></item></channel></rss>