<?xml version="1.0" encoding="utf-8" standalone="yes"?><rss version="2.0" xmlns:atom="http://www.w3.org/2005/Atom"><channel><title>Getting Started on BabyLogger</title><link>/docs/200.-getting-started/</link><description>Recent content in Getting Started on BabyLogger</description><generator>Hugo -- gohugo.io</generator><language>en-us</language><atom:link href="/docs/200.-getting-started/index.xml" rel="self" type="application/rss+xml"/><item><title>Time synchronization</title><link>/docs/200.-getting-started/210.-time-synchronization/</link><pubDate>Mon, 01 Jan 0001 00:00:00 +0000</pubDate><guid>/docs/200.-getting-started/210.-time-synchronization/</guid><description>A phone application has been developed to allow you to synchronize the date and time of the BabyLogger depending on your time zone.
Instructions: What is needed: a phone application (Android only) :</description></item><item><title>Environment Installation</title><link>/docs/200.-getting-started/220.-environment-installation/</link><pubDate>Mon, 01 Jan 0001 00:00:00 +0000</pubDate><guid>/docs/200.-getting-started/220.-environment-installation/</guid><description>&lt;p>This section allows the user to set up the environment for the BabyLogger to work in the best way.&lt;/p></description></item><item><title>SD Card</title><link>/docs/200.-getting-started/230.-sd-card/</link><pubDate>Mon, 01 Jan 0001 00:00:00 +0000</pubDate><guid>/docs/200.-getting-started/230.-sd-card/</guid><description>How to format the SD card? With 64 GO SD card, Create two partitions with the first one containing 95% of the memory area and the second one 5%. The card should be formatted in the NTFS File System, and the partitions should be created in a fixed order (audio first, accelerometer second).</description></item><item><title>Decrypting the Data</title><link>/docs/200.-getting-started/240.-decrypting-the-data/</link><pubDate>Mon, 01 Jan 0001 00:00:00 +0000</pubDate><guid>/docs/200.-getting-started/240.-decrypting-the-data/</guid><description>&lt;p>All data recorded with the BabyLogger are encrypted for data protection. If the logger is lost, nobody except for the registered user will be able to decrypt the data. For that reason, do not share the downloaded software as well as the security key.&lt;/p></description></item></channel></rss>