<?xml version="1.0" encoding="utf-8" standalone="yes"?><rss version="2.0" xmlns:atom="http://www.w3.org/2005/Atom"><channel><title>BabyLogger</title><link>/</link><description>Recent content on BabyLogger</description><generator>Hugo -- gohugo.io</generator><language>en-us</language><atom:link href="/index.xml" rel="self" type="application/rss+xml"/><item><title>Brief Overview of the BabyLogger</title><link>/docs/100.-what-is-the-baby-logger/110.-brief-overview-of-the-babylogger/</link><pubDate>Mon, 01 Jan 0001 00:00:00 +0000</pubDate><guid>/docs/100.-what-is-the-baby-logger/110.-brief-overview-of-the-babylogger/</guid><description>&lt;p>The BabyLogger is a device used by researchers to record the child’s interactions in a secure way and to extract the audio and actimetric information.&lt;/p></description></item><item><title>How to use the BabyLogger</title><link>/docs/100.-what-is-the-baby-logger/120.-how-to-use-the-babylogger/</link><pubDate>Mon, 01 Jan 0001 00:00:00 +0000</pubDate><guid>/docs/100.-what-is-the-baby-logger/120.-how-to-use-the-babylogger/</guid><description>&lt;p>Differents steps to explain how to uses the BabyLogger.&lt;/p></description></item><item><title>Time synchronization</title><link>/docs/200.-getting-started/210.-time-synchronization/</link><pubDate>Mon, 01 Jan 0001 00:00:00 +0000</pubDate><guid>/docs/200.-getting-started/210.-time-synchronization/</guid><description>A phone application has been developed to allow you to synchronize the date and time of the BabyLogger depending on your time zone.
Instructions: What is needed: a phone application (Android only) :</description></item><item><title>Environment Installation</title><link>/docs/200.-getting-started/220.-environment-installation/</link><pubDate>Mon, 01 Jan 0001 00:00:00 +0000</pubDate><guid>/docs/200.-getting-started/220.-environment-installation/</guid><description>&lt;p>This section allows the user to set up the environment for the BabyLogger to work in the best way.&lt;/p></description></item><item><title>SD Card</title><link>/docs/200.-getting-started/230.-sd-card/</link><pubDate>Mon, 01 Jan 0001 00:00:00 +0000</pubDate><guid>/docs/200.-getting-started/230.-sd-card/</guid><description>How to format the SD card? With 64 GO SD card, Create two partitions with the first one containing 95% of the memory area and the second one 5%. The card should be formatted in the NTFS File System, and the partitions should be created in a fixed order (audio first, accelerometer second).</description></item><item><title>Decrypting the Data</title><link>/docs/200.-getting-started/240.-decrypting-the-data/</link><pubDate>Mon, 01 Jan 0001 00:00:00 +0000</pubDate><guid>/docs/200.-getting-started/240.-decrypting-the-data/</guid><description>&lt;p>All data recorded with the BabyLogger are encrypted for data protection. If the logger is lost, nobody except for the registered user will be able to decrypt the data. For that reason, do not share the downloaded software as well as the security key.&lt;/p></description></item><item><title>Post Process</title><link>/docs/300.-automatic-data-processing/310.-post-process/</link><pubDate>Mon, 01 Jan 0001 00:00:00 +0000</pubDate><guid>/docs/300.-automatic-data-processing/310.-post-process/</guid><description> Cleanup &amp;amp; diagnostic. Logger diagnostic. Sox (From wave to Flac). Files Encryption. Network diag to send files.</description></item><item><title>Send to Cloud</title><link>/docs/300.-automatic-data-processing/320.-send-to-cloud/</link><pubDate>Mon, 01 Jan 0001 00:00:00 +0000</pubDate><guid>/docs/300.-automatic-data-processing/320.-send-to-cloud/</guid><description>&lt;p>Send files Data to the Cloud, in order to treat them.&lt;/p></description></item><item><title>Algorithms</title><link>/docs/300.-automatic-data-processing/330.-algorithms/</link><pubDate>Mon, 01 Jan 0001 00:00:00 +0000</pubDate><guid>/docs/300.-automatic-data-processing/330.-algorithms/</guid><description>&lt;p>Store and treat the data on a cloud &amp;ldquo;Machine Learning Algorithmes&amp;rdquo;
(DiViMe’s tools)&lt;/p></description></item><item><title>FAQs</title><link>/docs/400.-frequently-asked-questions/</link><pubDate>Mon, 01 Jan 0001 00:00:00 +0000</pubDate><guid>/docs/400.-frequently-asked-questions/</guid><description>Problems in launching the software If you use MacOS, the first time when you double-click on BabyLogger, a window like the following may appear:
To resolve this problem, you have 2 options:</description></item><item><title>Contact</title><link>/docs/500.-contact/</link><pubDate>Mon, 01 Jan 0001 00:00:00 +0000</pubDate><guid>/docs/500.-contact/</guid><description>Phone : +33 6 52 20 64 18
Address : 2 Rue Simone Iff 75012 Paris, France
Technical Support or Questions
If you have questions or need help integrating the product please contact us.</description></item></channel></rss>